{
    "name": "root",
    "gauges": {
        "Agent_Moving.Policy.Entropy.mean": {
            "value": 0.9160646200180054,
            "min": 0.9160646200180054,
            "max": 1.3927651643753052,
            "count": 15
        },
        "Agent_Moving.Policy.Entropy.sum": {
            "value": 9168.890625,
            "min": 9168.890625,
            "max": 13930.4375,
            "count": 15
        },
        "Agent_Moving.Environment.EpisodeLength.mean": {
            "value": 44.49545454545454,
            "min": 9.08266129032258,
            "max": 44.49545454545454,
            "count": 15
        },
        "Agent_Moving.Environment.EpisodeLength.sum": {
            "value": 9789.0,
            "min": 9010.0,
            "max": 9789.0,
            "count": 15
        },
        "Agent_Moving.Step.mean": {
            "value": 149988.0,
            "min": 9994.0,
            "max": 149988.0,
            "count": 15
        },
        "Agent_Moving.Step.sum": {
            "value": 149988.0,
            "min": 9994.0,
            "max": 149988.0,
            "count": 15
        },
        "Agent_Moving.Policy.ExtrinsicValueEstimate.mean": {
            "value": 3.098342180252075,
            "min": 0.12912391126155853,
            "max": 5.238500118255615,
            "count": 15
        },
        "Agent_Moving.Policy.ExtrinsicValueEstimate.sum": {
            "value": 821.0606689453125,
            "min": 127.9617919921875,
            "max": 1870.82421875,
            "count": 15
        },
        "Agent_Moving.Environment.CumulativeReward.mean": {
            "value": 12.397727272727273,
            "min": 2.1664984863773964,
            "max": 17.031111111111112,
            "count": 15
        },
        "Agent_Moving.Environment.CumulativeReward.sum": {
            "value": 2727.5,
            "min": 2147.0,
            "max": 5213.0,
            "count": 15
        },
        "Agent_Moving.Policy.ExtrinsicReward.mean": {
            "value": 12.397727272727273,
            "min": 2.1664984863773964,
            "max": 17.031111111111112,
            "count": 15
        },
        "Agent_Moving.Policy.ExtrinsicReward.sum": {
            "value": 2727.5,
            "min": 2147.0,
            "max": 5213.0,
            "count": 15
        },
        "Agent_Moving.Losses.PolicyLoss.mean": {
            "value": 0.25010346704540426,
            "min": 0.23608219183394913,
            "max": 0.30458243961300674,
            "count": 15
        },
        "Agent_Moving.Losses.PolicyLoss.sum": {
            "value": 19.758173896586936,
            "min": 19.320791479383526,
            "max": 26.80325468594459,
            "count": 15
        },
        "Agent_Moving.Losses.ValueLoss.mean": {
            "value": 12.669534897041437,
            "min": 9.775784368165068,
            "max": 17.087696556512018,
            "count": 15
        },
        "Agent_Moving.Losses.ValueLoss.sum": {
            "value": 1000.8932568662735,
            "min": 801.6143181895355,
            "max": 1503.7172969730577,
            "count": 15
        },
        "Agent_Moving.Policy.LearningRate.mean": {
            "value": 0.0002130268770923165,
            "min": 0.0002130268770923165,
            "max": 0.00029700437056376085,
            "count": 15
        },
        "Agent_Moving.Policy.LearningRate.sum": {
            "value": 0.016829123290293003,
            "min": 0.016829123290293003,
            "max": 0.027324402091866,
            "count": 15
        },
        "Agent_Moving.Policy.Epsilon.mean": {
            "value": 0.1710089493670886,
            "min": 0.1710089493670886,
            "max": 0.19900145652173912,
            "count": 15
        },
        "Agent_Moving.Policy.Epsilon.sum": {
            "value": 13.509706999999999,
            "min": 13.509706999999999,
            "max": 18.308134,
            "count": 15
        },
        "Agent_Moving.Policy.Beta.mean": {
            "value": 0.0005000000000000001,
            "min": 0.0005000000000000001,
            "max": 0.0005000000000000001,
            "count": 15
        },
        "Agent_Moving.Policy.Beta.sum": {
            "value": 0.03950000000000001,
            "min": 0.03950000000000001,
            "max": 0.04600000000000001,
            "count": 15
        },
        "Agent_Moving.IsTraining.mean": {
            "value": 1.0,
            "min": 1.0,
            "max": 1.0,
            "count": 15
        },
        "Agent_Moving.IsTraining.sum": {
            "value": 1.0,
            "min": 1.0,
            "max": 1.0,
            "count": 15
        }
    },
    "metadata": {
        "timer_format_version": "0.1.0",
        "start_time_seconds": "1709904960",
        "python_version": "3.9.13 (main, Oct 13 2022, 21:23:06) [MSC v.1916 64 bit (AMD64)]",
        "command_line_arguments": "\\\\?\\C:\\Users\\henry\\miniconda3\\envs\\mlagents\\Scripts\\mlagents-learn --force Config\\Agent_Moving.yaml --run-id=test1",
        "mlagents_version": "0.30.0",
        "mlagents_envs_version": "0.30.0",
        "communication_protocol_version": "1.5.0",
        "pytorch_version": "2.2.1+cu121",
        "numpy_version": "1.21.2",
        "end_time_seconds": "1709908274"
    },
    "total": 3314.3070089000003,
    "count": 1,
    "self": 0.00952300000062678,
    "children": {
        "run_training.setup": {
            "total": 0.11651580000000017,
            "count": 1,
            "self": 0.11651580000000017
        },
        "TrainerController.start_learning": {
            "total": 3314.1809700999997,
            "count": 1,
            "self": 3.718005599971548,
            "children": {
                "TrainerController._reset_env": {
                    "total": 7.1556348000000005,
                    "count": 1,
                    "self": 7.1556348000000005
                },
                "TrainerController.advance": {
                    "total": 3303.137439100028,
                    "count": 163054,
                    "self": 3.186926499956371,
                    "children": {
                        "env_step": {
                            "total": 2640.3627526000473,
                            "count": 163054,
                            "self": 2256.8389862000586,
                            "children": {
                                "SubprocessEnvManager._take_step": {
                                    "total": 380.9756331999909,
                                    "count": 163054,
                                    "self": 11.633459199991023,
                                    "children": {
                                        "TorchPolicy.evaluate": {
                                            "total": 369.3421739999999,
                                            "count": 157942,
                                            "self": 369.3421739999999
                                        }
                                    }
                                },
                                "workers": {
                                    "total": 2.5481331999977535,
                                    "count": 163053,
                                    "self": 0.0,
                                    "children": {
                                        "worker_root": {
                                            "total": 3240.4703887999594,
                                            "count": 163053,
                                            "is_parallel": true,
                                            "self": 1209.9034899999237,
                                            "children": {
                                                "steps_from_proto": {
                                                    "total": 0.0004338999999999871,
                                                    "count": 1,
                                                    "is_parallel": true,